line_name,alias,pedigree,aliases,row_type,end_use
00ID1550,00ID1550,COLTER*2/PMUT-422H,00ID1550,2,FEED
00NZ772,00NZ772,CA803208/(DB121/(ANT499/BANCROFT)),00NZ772,2,MALT
01AB10055,01AB10055,86AB2617/B4947,01AB10055,2,MALT
01AB10062,01AB10062,86AB2617/B4947,01AB10062,2,MALT
01AB11073,01AB11073,,01AB11073,,
01AB11107,01AB11107,94AB12981/91AB3148,01AB11107,2,FEED
01AB7163,01AB7163,85AB2323/FR96503,01AB7163,2,MALT
01AB7833,01AB7833,,01AB7833,,
01AB7841,01AB7841,,01AB7841,,
01AB9663,01AB9663,93AB375/(92AB5189/M83),01AB9663,,MALT
01ID1550,01ID1550,,01ID1550,,
01ID435H,01ID435H,(WPB-BZ-594-35*2/PMUT882)/HB317,01ID435H,2,FEED
01ID451H,01ID451H,(WPB-BZ-594-35*2/PMUT882)/HB317,01ID451H,2,FEED
01NZ392,01NZ392,(16230-95/12697-94)/BA6B-95-8253,01NZ392,6,MALT
01NZ706,01NZ706,(12697-94/9130-87)/BA6B-95-8253,01NZ706,6,MALT
01ST1587,01ST1587,WPB-BZ-594-35*4/STARS9301B,01ST1587,2,FEED
01ST1758,01ST1758,WPB-BZ-594-35*4/STARS9577B,01ST1758,2,FEED
02AB17271,02AB17271,85AB2323/B4947,02AB17271,,MALT
02WNZ-1015,02WNZ-1015,CAMAS/WPB-BZ-594-35,02WNZ-1015,2,FEED
02WNZ-1095,02WNZ-1095,CAMAS/WPB-BZ-594-35,02WNZ-1095,2,FEED
02WNZ-1100,02WNZ-1100,CAMAS/WPB-BZ-594-35,02WNZ-1100,2,FEED
02WNZ-1821,02WNZ-1821,WA7478-97/WPB-BZ-594-35,02WNZ-1821,2,FEED
04AB023-11,04AB023-11,,04AB023-11,,
04AB034-62,04AB034-62,,04AB034-62,,
04AB041-79,04AB041-79,,04AB041-79,,
04AB060-66,04AB060-66,,04AB060-66,,
04WNZ-124,04WNZ-124,CV-302/WPB-BZ-594-35,04WNZ-124,,FEED
04WNZ-286,04WNZ-286,85AB2323/WPB-BZ-594-35,04WNZ-286,,FEED
08ARS028-20,08ARS028-20,,08ARS028-20,,
08ARS112-75,08ARS112-75,(LENETAH/NEWDALE)/06BA-48,08ARS112-75,2,
08ARS116-91,08ARS116-91,(AMSTERDAM/TETONIA)/ABIVOYAGER,08ARS116-91,2,
08ID1549,08ID1549,,08ID1549,,
08ID2661,08ID2661,04LPA-10/TETONIA,08ID2661,2,FEED
10ARS191-3,10ARS191-3,,10ARS191-3,,
11ARS162-4,11ARS162-4,,11ARS162-4,,
2004NZ151,2004NZ151,00NZ304/CELLAR,2004NZ151,,FEED
2004NZ163,2004NZ163,00NZ304/85AB2323,2004NZ163,,FEED
2008NZ003,2008NZ003,,2008NZ003,,
2008NZ004,2008NZ004,,2008NZ004,,
2008NZ013,2008NZ013,,2008NZ013,,
2AB04-X00017-4,2AB04-X00017-4,97AB6361/95AB11469,2AB04-X00017-4,,FEED
2AB04-X01084-27,2AB04-X01084-27,98AB11993/PI605472,2AB04-X01084-27,2,MALT
2AB07-X031098-31,2AB07-X031098-31,2B97-4004/NEWDALE,2AB07-X031098-31,2,MALT
2AB07-X04M219-46,2AB07-X04M219-46,95SR316A/2B97-4004,2AB07-X04M219-46,2,MALT
2AB07-X04M281-32,2AB07-X04M281-32,,2AB07-X04M281-32,,
2AB08-X04M278-35,2AB08-X04M278-35,2B97-4004/97AB6643,2AB08-X04M278-35,2,MALT
2AB08-X04M282-48,2AB08-X04M282-48,2B98-5312/97AB7973,2AB08-X04M282-48,2,MALT
2AB08-X05M010-82,2AB08-X05M010-82,2B98-5312/98AB11993,2AB08-X05M010-82,2,MALT
2AB09-X06F058HL-195,2AB09-X06F058HL-195,,2AB09-X06F058HL-195,,
2AB09-X06F058HL-21,2AB09-X06F058HL-21,02HR-4590/CDCFIBAR,2AB09-X06F058HL-21,2,FOOD
2AB09-X06F058HL-30,2AB09-X06F058HL-30,,2AB09-X06F058HL-30,,
2AB09-X06F058HL-31,2AB09-X06F058HL-31,02HR-4590/CDCFIBAR,2AB09-X06F058HL-31,2,
2AB09-X06F084-51,2AB09-X06F084-51,03AH3054/98AB12019,2AB09-X06F084-51,2,
2B03-3719,2B03-3719,2B96-5038/2B97-4796,2B03-3719,2,MALT
2B04-0175,2B04-0175,2B97-4719/2B97-4004,2B04-0175,,MALT
2B05-0672,2B05-0672,2B00-0366/2B99-2763,2B05-0672,,MALT
2B06-0929,2B06-0929,2B97-4004/(2B00-0784/2B99-2771),2B06-0929,,MALT
2B06-0933,2B06-0933,2B97-4004/(2B97-4299/2B99-2763),2B06-0933,,MALT
2B07-1516,2B07-1516,,2B07-1516,,MALT
2B07-1562,2B07-1562,MERIT16/2B00-0251,2B07-1562,,MALT
2B07-1590,2B07-1590,MERIT16/2B01-2005,2B07-1590,,MALT
2B09-3408,2B09-3408,,2B09-3408,,
2B09-3944,2B09-3944,,2B09-3944,,
2B09-3998,2B09-3998,,2B09-3998,,
2B09-4049,2B09-4049,,2B09-4049,,
2B10-4162,2B10-4162,MERIT57/2B05-0712,2B10-4162,2,MALT
2B10-4378,2B10-4378,(2B99-2763-10/2B03-3669)/2B05-0822,2B10-4378,2,MALT
2B10-4465,2B10-4465,2B04-0291/07BA-65,2B10-4465,2,MALT
2B10-4480,2B10-4480,07BA-61/07BA-67,2B10-4480,2,MALT
2B11-4949,2B11-4949,MERIT57/06MT-41,2B11-4949,2,MALT
2B11-5166,2B11-5166,06BA-51/2B06-1161,2B11-5166,2,MALT
2B11-5283,2B11-5283,06BA-59/MT020162,2B11-5283,2,
2B12-5582,2B12-5582,07BA-71/2B06-0929,2B12-5582,2,
2B13-6991,2B13-6991,,2B13-6991,,
2B89-4311,2B89-4311,,"2B89-4311, BA2B89-4311",2,MALT
2B92-5550,2B92-5550,MANLEY/BA4038,"BA2B92-5550, 2B92-5550",2,MALT
2B96-5057,2B96-5057,TR930/2B88-5336,2B96-5057,2,MALT
2B97-4004,2B97-4004,B4947/CDC_THOMPSON,2B97-4004,2,MALT
2B97-4077,2B97-4077,TR930/B4947,2B97-4077,2,MALT
2B97-4299,2B97-4299,B4947/2B91-4450,2B97-4299,2,MALT
2B98-5312,2B98-5312,TR930/2B98-5312-TMP1,2B98-5312,2,MALT
2B99-2039,2B99-2039,(TR930/(B4947/ACOXBOW))/(2B88-5330/(B4947/TR129)),2B99-2039,2,MALT
2B99-2316,2B99-2316,B4947/(B4947/2B95-8129),"2B99-2316-4, 2B99-2316",2,MALT
2B99-2657,2B99-2657,B4947/(B4947/2B94-5744),2B99-2657,2,MALT
2B99-2763-10,2B99-2763-10,B4947/2B92-5065,2B99-2763-10,2,MALT
2B99-2766-10,2B99-2766-10,B4947/(B4947/2B94-5744),2B99-2766-10,2,MALT
2B99-2771-1,2B99-2771-1,B4947/(B4947/2B95-8129),2B99-2771-1,2,MALT
2B99-2771-9,2B99-2771-9,B4947/2B92-5065,2B99-2771-9,2,MALT
2IK14-8371,2IK14-8371,2I08-3592/2B09-3778,2IK14-8371,,
2IK14-8413,2IK14-8413,2B09-3778/2B09-3943,2IK14-8413,,
2IK16-0899,2IK16-0899,ANDREIA/C12-1210,2IK16-0899,,
2IM14-7765,2IM14-7765,,2IM14-7765,,
2IM14-7830,2IM14-7830,,2IM14-7830,,
2IM14-8212,2IM14-8212,,2IM14-8212,,
2ND15341,2ND15341,,"2ND153411, 2ND15341",,
2ND15403,2ND15403,LOGANSIB/ND13297,"ND15403-3, 2ND15403, ND15403",2,
2ND15468,2ND15468,,2ND15468,,
2ND15596,2ND15596,,2ND15596,,
2ND16050,2ND16050,ND14016/GOBERNADORA,2ND16050,2,
2ND16092,2ND16092,ND13297/ND14701,"ND16092, 2ND16092",2,
2ND16461,2ND16461,ND13296/ND14760,"ND16461, 2ND16461",2,
2ND16880,2ND16880,ND14599/BLACKBOWMAN,2ND16880,,
2ND17274,2ND17274,CONLON/ND15238,"2ND17274, ND17274",2,
2ND17275,2ND17275,CONLON/ND15238,2ND17275,2,
2ND18365,2ND18365,B4947/2ND15403,2ND18365,,
2ND19098,2ND19098,ND16680/(CMB85-533/2ND15403),2ND19098,2,
2ND19854,2ND19854,2ND15403/ND16462,"ND19854, 2ND19854",,
2ND19929,2ND19929,TR258/ND17437,"ND19929, 2ND19929",2,
2ND21863,2ND21863,ND18172/ND19130,"2ND21863, ND21863, PINNACLE",,
2ND22182,2ND22182,(ND18413/ND19134)/ND19164,2ND22182,2,MALT
2ND22927,2ND22927,ND18370/ND19931,"ND22927, 2ND22927",2,MALT
2ND24238,2ND24238,2ND19854/(ND20028/ND18370),"2ND24238, 06N2-31, ND24238",,
2ND24263,2ND24263,2ND19869/(2ND18998/(2ND16092/2ND17263)),2ND24263,,
2ND24388,2ND24388,(2ND17274/ND18370)/2ND19854,2ND24388,,MALT
2ND24393,2ND24393,(2ND17274/PI643149)/2ND19854,2ND24393,,
2ND25272,2ND25272,ND20802/(ND19922/(2ND19929/ND20177)),2ND25272,,MALT
2ND25276,2ND25276,ND20802/(ND19922/(2ND19929/ND20177)),"2ND25276, GENESIS, NDGENESIS, ND-GENESIS",2,MALT
2ND26333,2ND26333,ND22032-2/ND21972,"07N2-28, 2ND26333, 07-N2-28",,MALT
2ND27421,2ND27421,06N2-34/06N2-81,2ND27421,,
2ND27440,2ND27440,2ND24190/PI643364,2ND27440,,
2ND28065,2ND28065,06N2-05/2ND24383,2ND28065,2,MALT
2ND28071,2ND28071,06N2-05/2ND24383,2ND28071,,
2ND28131,2ND28131,2ND24238/2ND24341,2ND28131,,
2ND29990,2ND29990,2ND24238/2ND25265,2ND29990,,
2ND30639,2ND30639,2ND25253/POSADA,2ND30639,,
2ND30724,2ND30724,2ND25265/07N2-23,2ND30724,2,MALT
2ND30837,2ND30837,2ND25265/GRACE,2ND30837,,
2ND31815,2ND31815,,2ND31815,,
2ND31914,2ND31914,,2ND31914,,
2ND32184,2ND32184,,2ND32184,,
2ND32322,2ND32322,,2ND32322,,
2ND32529,2ND32529,09N2-96/2ND27560,2ND32529,,
2ND32657,2ND32657,2ND28086/09N2-96,2ND32657,,
2ND32829,2ND32829,2ND27480/2ND28065,2ND32829,,
2ND33710,2ND33710,,2ND33710,,
2ND33760,2ND33760,,2ND33760,,
2ND33821,2ND33821,,2ND33821,,
2ND34634,2ND34634,2ND28131/09N2-90,2ND34634,,
2ND34697,2ND34697,2ND26333/09N2-96,2ND34697,,
2ND34954,2ND34954,2ND29977/2ND29990,2ND34954,,
2ND35415,2ND35415,,2ND35415,,
2ND35693,2ND35693,,2ND35693,,
6AB07-X020029-45,6AB07-X020029-45,,6AB07-X020029-45,,
6AB07-X020030-37,6AB07-X020030-37,,6AB07-X020030-37,,
6AB07-X020047-9,6AB07-X020047-9,,6AB07-X020047-9,,
6AB07-X020049-13,6AB07-X020049-13,,6AB07-X020049-13,,
6AB07-X031057-33,6AB07-X031057-33,,6AB07-X031057-33,,
6AB07-X04M172-29,6AB07-X04M172-29,,6AB07-X04M172-29,,
6AB07-X04M238-13,6AB07-X04M238-13,,6AB07-X04M238-13,,
6B00-1323,6B00-1323,6B94-8126/(6B93-2978/6B95-6311),6B00-1323,,
6B00-1328,6B00-1328,6B94-8126/(6B93-2978/6B95-6311),6B00-1328,,
6B00-1361,6B00-1361,6B94-8126/(6B93-2978/6B95-6311),6B00-1361,,
6B01-2157,6B01-2157,6B93-2978/6B94-7544,6B01-2157,,
6B01-2208,6B01-2208,6B93-2978/6B94-7544,6B01-2208,,
6B01-2218,6B01-2218,6B94-7378/(B2027/M84),6B01-2218,,
6B01-2221,6B01-2221,6B93-2978/(B3213/6B93-2978),6B01-2221,,
6B01-2356,6B01-2356,(6B93-2978/CV-275)/(6B93-2978/6B94-7378),6B01-2356,,
6B01-2513,6B01-2513,6B93-2978/6B95-6311,6B01-2513,,
6B02-3120,6B02-3120,6B94-7378/(6B94-7378/6B95-2089),6B02-3120,,
6B02-3200,6B02-3200,6B94-8253/(6B93-2978/6B95-2201),6B02-3200,,
6B02-3295,6B02-3295,6B95-2209/6B96-3272,"6B02-3295, 06BA-13",,
6B02-3435,6B02-3435,6B97-2262/6B96-3286,6B02-3435,,
6B03-4301,6B03-4301,6B98-9022/(6B94-8253/6B97-2245),6B03-4301,,
6B03-4304,6B03-4304,,6B03-4304,,
6B03-4478,6B03-4478,6B97-2311/6B98-9438,"6B03-4478, 06BA-32",,
6B04-0007,6B04-0007,BT954/(6B96-3373/ND15477),"07-BA-01, 07BA-01, 6B04-0007",,
6B04-0075,6B04-0075,6B95-2089/(6B97-2232/6B98-9022),"6B04-0075, 07-BA-05, 07BA-05",,
6B05-0572,6B05-0572,6B95-2482-1/6B98-9852,6B05-0572,,
6B05-0716,6B05-0716,,6B05-0716,,
6B05-0717,6B05-0717,6B98-9814/BT954,6B05-0717,,
6B05-0881,6B05-0881,,6B05-0881,,
6B07-1613,6B07-1613,BT954/00NZ-042,6B07-1613,,
6B07-1684,6B07-1684,6B00-0949/ND18803,6B07-1684,,
6B07-1753,6B07-1753,6B00-1328/ND18659,6B07-1753,,
6B07-1770,6B07-1770,6B00-1348/BT954,6B07-1770,,
6B07-1819,6B07-1819,CELEBRATION/ND18579,6B07-1819,,
6B07-1825,6B07-1825,CELEBRATION/BT954,6B07-1825,,
6B08-3210,6B08-3210,6B03-4452/CDCYORKTON,6B08-3210,,
6B08-3428,6B08-3428,6B02-3295/CDCCLYDE,6B08-3428,,
6B09-3531,6B09-3531,(6B98-9558/6B04-0096)/(6B01-2205/SM03720),6B09-3531,,
6B09-3580,6B09-3580,6B04-0325/6B04-0421,6B09-3580,,
6B09-3655,6B09-3655,6B04-0012/6B04-0421,6B09-3655,,
6B09-4021,6B09-4021,6B04-0421/6B04-0292,6B09-4021,,
6B09-4235,6B09-4235,6B04-0007/6B04-0421,6B09-4235,,
6B10-4515,6B10-4515,6B04-0421/(6B03-4478/6B03-4301),6B10-4515,,
6B10-4528,6B10-4528,6B04-0421/(6B05-0795/6B03-4478),6B10-4528,,
6B10-4635,6B10-4635,(07BA-16/6B04-0096)/(6B04-0421/6B03-4301),6B10-4635,,
6B10-4748,6B10-4748,MN00-61/6B03-4478,6B10-4748,,
6B10-4905,6B10-4905,6B04-0007/6B05-0710,6B10-4905,,
6B10-4988,6B10-4988,6B04-0421/6B05-0837,6B10-4988,,
6B88-3213,6B88-3213,,6B88-3213,,
6B91-2440,6B91-2440,,6B91-2440,,
6B91-2465,6B91-2465,,6B91-2465,,
6B92-2978,6B92-2978,,6B92-2978,,
6B92-7166,6B92-7166,B1614/M59,6B92-7166,6,
6B92-8177,6B92-8177,,6B92-8177,,
6B93-2978,6B93-2978,(((BUMPER/63AB2987)/(BUMPER/MANKER))/(BUMPER/63AB2987))/EXCEL,"6B93-2978, BT950, B2978, BA6B93-2978, 06BA-01, LEGACY",6,
6B93-3192,6B93-3192,EXCEL/6B88-3055,6B93-3192,,
6B94-7012,6B94-7012,B1614/EXCEL,6B94-7012,6,
6B94-7378,6B94-7378,(AZURE/6B82-2618)/EXCEL,"BA6B94-7378, 6B94-7378",6,
6B94-7382,6B94-7382,B1614/EXCEL,6B94-7382,6,
6B94-8253,6B94-8253,B1614/STANDER,"BA-6B94-8253, 6B94-8253, BA6B94-8253",6,
6B95-2089,6B95-2089,(6B84-2912/B1601)/6B88-3213,6B95-2089,6,MALT
6B95-3733,6B95-3733,,6B95-3733,,
6B96-3373,6B96-3373,B1614/(6B88-3521/EXCEL),6B96-3373,6,
6B96-3636,6B96-3636,B3213/(6B88-3275/B1614),6B96-3636,,
6B96-3733,6B96-3733,B3213/(6B89-2126/ND11055),6B96-3733,6,
6B97-2037,6B97-2037,B7098/6B91-6086,6B97-2037,6,
6B97-2195,6B97-2195,B7098/M75,6B97-2195,6,
6B97-2245,6B97-2245,B7098/M75,6B97-2245,6,
6B98-9022,6B98-9022,B7098/6B92-7166,6B98-9022,6,MALT
6B98-9105,6B98-9105,6B93-3192/M82,6B98-9105,,
6B98-9170,6B98-9170,B7098/(B7098/M75),6B98-9170,6,MALT
6B98-9339,6B98-9339,B1614/(B1614/M75),6B98-9339,6,MALT
6B98-9940,6B98-9940,6B92-7166/STANDER,6B98-9940,6,MALT
6B99-6339,6B99-6339,6B92-8177/6B94-7862,6B99-6339,6,
6B99-6639,6B99-6639,B1614/(6B92-7166/B1614),6B99-6639,6,
6B99-6774,6B99-6774,6B93-2978/6B94-7862,6B99-6774,6,
6B99-9170,6B99-9170,,6B99-9170,,
86AB2626,86AB2626,,86AB2626,,
86AB599,86AB599,,86AB599,,
88Y394,88Y394,,88Y394,,
90AB321,90AB321,,90AB321,,
90AB801,90AB801,,90AB801,,
91AB3148,91AB3148,(GALLATIN/78AB10099)/06UT-08,91AB3148,2,FEED
92AB1368,92AB1368,(M44/80AB4952)/79AB10719,92AB1368,6,
92AB487,92AB487,,92AB487,,
92AB5180,92AB5180,83AB5432/SR40,92AB5180,6,MALT
92AB5187,92AB5187,,92AB5187,,
93AB355,93AB355,,93AB355,,
93AB375,93AB375,,93AB375,,
93AB688,93AB688,(M44/80AB4652)/79AB10719,93AB688,6,FEED
93AB859,93AB859,84AB2974/SK76333,"ID-93AB859, 93AB859, ID93-AB859",2,
94AB13449,94AB13449,RUSSELL/STANDER,94AB13449,6,MALT
95AB11469,95AB11469,87AB9561/ND9870,95AB11469,2,FEED
95AB13101,95AB13101,,95AB13101,,
95AB15178,95AB15178,,95AB15178,,
95M4623,95M4623,91AB3074/85AB2323,95M4623,2,MALT
95SR149C,95SR149C,BANCROFT/SK76333,95SR149C,2,MALT
95SR316A,95SR316A,BANCROFT/CRYSTAL,95SR316A,2,MALT
95SR7A,95SR7A,BANCROFT/TARGHEE,95SR7A,2,FEED
96RWA1222,96RWA1222,(PI366450/STANDER*2)/EXCEL,96RWA1222,6,MALT
97AB7973,97AB7973,PI639908/WPB-BZ-594-35,97AB7973,2,MALT
97ID1269A,97ID1269A,STANDER*4/PI366450,97ID1269A,6,MALT
97ID1269B,97ID1269B,STANDER*4/PI366450,97ID1269B,6,MALT
98-N2015,98-N2015,,98-N2015,,
98-NZ015,98-NZ015,CAMINANT/WPB-BZ-594-35,"98NZ015, 98-NZ015",2,FEED
98AB11720,98AB11720,85AB2323/WPB-BZ-594-35,98AB11720,2,FEED
98AB11993,98AB11993,PI639908/WPB-BZ-594-35,98AB11993,2,MALT
98AB12362,98AB12362,90AB852/EXCEL,98AB12362,6,MALT
98AB12905,98AB12905,(88Y315/82AB519)/STANDER,98AB12905,6,MALT
98BX27-132,98BX27-132,OTIS*4/STARS9301B,98BX27-132,2,FEED
98BX28-44B,98BX28-44B,OTIS*4/STARS9577B,98BX28-44B,2,FEED
98BX28-58B,98BX28-58B,OTIS*4/STARS9577B,98BX28-58B,2,FEED
98ID242,98ID242,WPB-BZ-594-35/(((CRYSTAL/60AB1810)/60AB1810)/60AB1810),98ID242,2,MALT
98ID251,98ID251,WPB-BZ-594-35/(((CRYSTAL/60AB1810)/60AB1810)/60AB1810),98ID251,2,FEED
99AB11073,99AB11073,COLTER/M75,99AB11073,2,MALT
99NZ102,99NZ102,12697-94/939331-91,99NZ102,6,MALT
ABIBALSTER,ABIBALSTER,2B99-2763/2B00-0719,"ABIBALSTER, 2B05-0811",,
ABIGROWLER,ABIGROWLER,2B05-0550/2B99-2763-10,"ABIGROWLER, 2B09-3425",,
ACBUFFALO,ACBUFFALO,,ACBUFFALO,,
B1614,B1614,CV-184/B1614-TMP1,"B1614, 6B86-3016",,
B2601,B2601,,B2601,,
B8907758,B8907758,CLIVIA/9448-83,B8907758,,
BA-2B95-4047,BA-2B95-4047,BA4038/(TR930/TR226),"BA-2B95-4047, BA2B95-4047",,
BA-2B95-4553,BA-2B95-4553,(2B86-5113/2B88-5133)/TR930,"BA2B95-4553, BA-2B95-4553",,
BA2894-5328,BA2894-5328,,BA2894-5328,,
BA2B8943,BA2B8943,,BA2B8943,,
BA2B9149,BA2B9149,,BA2B9149,,
BA2B9255,BA2B9255,,BA2B9255,,
BA2B94-5328,BA2B94-5328,2B86-5583/BA4038,BA2B94-5328,2,
BA2B94-5337,BA2B94-5337,2B88-5133/MANLEY,BA2B94-5337,2,MALT
BA2B94-5602,BA2B94-5602,2B86-5583/MANLEY,BA2B94-5602,2,
BA2B96-5119,BA2B96-5119,2B90-5066/TR129,BA2B96-5119,2,
BA6893-2978,BA6893-2978,,BA6893-2978,,
BARBLESS,BARBLESS,LION/ODERBRUCKER,BARBLESS,6,
BCD47,BCD47,(ICARO/SK76333)/SK76333,"BCD47, OR2967102",2,MALT
BOB,BOB,A308/WPB-BZ-594-35,"BOB, WA8682-96",2,MALT
BOW,BOW,,BOW,,
BT380,BT380,,BT380,,
BT386,BT386,CDCSISLER/M75,BT386,6,
BT389,BT389,(BRANDONMALESTERILECOMPOSITECROSS080/DUEL)/EXCEL,BT389,,
BT445,BT445,,BT445,,
BT462,BT462,BT409/ND11055,BT462,6,
BT463,BT463,M67/CDCSISLER,BT463,,
BT470,BT470,M75/SM93058,BT470,6,
BT478,BT478,M67/SM93067,BT478,6,
BT483,BT483,M81/SM94004,BT483,,
BT484,BT484,STANDER/SM93464,BT484,6,
BT485,BT485,M85/SM94021,BT485,6,
BT493,BT493,SM95001/SM95098,BT493,,
BT495,BT495,SM95043/SM95428,BT495,,
BT497,BT497,SM96137/SM96003,BT497,,
BZ502-265,BZ502-265,97-1115/XENA,BZ502-265,2,FEED
BZ502-532,BZ502-532,NISHINOHOSHI/XENA,BZ502-532,2,FEED
BZ503-097,BZ503-097,XENA/CDCDOLLY,BZ503-097,2,FEED
BZ504-093,BZ504-093,SALUTE/BOULDER,BZ504-093,2,FEED
BZ504-129,BZ504-129,SALUTE/XENA,BZ504-129,2,FEED
BZ505-172,BZ505-172,CDCTREY/XENA,BZ505-172,,FEED
BZ505-187,BZ505-187,CDCTREY/SALUTE,BZ505-187,2,FEED
BZ505-192,BZ505-192,TR361/XENA,"BZ505192, BZ505-192",,
BZ509-216,BZ509-216,SK-TR150/XENA,BZ509-216,2,FEED
BZ509-448,BZ509-448,CHAMPION/YU501-312,BZ509-448,2,FEED
BZ509-601,BZ509-601,,BZ509-601,2,
BZ512-220,BZ512-220,,BZ512-220,,
BZ512-282,BZ512-282,,BZ512-282,,
BZ594-20,BZ594-20,STARK/WPB-BZ-594-35,BZ594-20,2,FEED
BZ596-117,BZ596-117,,BZ596-117,2,FEED
BZ596-189,BZ596-189,WPB-BZ-594-35/(GALLATIN/WPB-BZ-594-35),BZ596-189,2,FEED
BZ598-036,BZ598-036,WPB-BZ-594-35/GUS,BZ598-036,2,FEED
CDCAUSTENSON,CDCAUSTENSON,,CDCAUSTENSON,,FEED
CDCBATTLEFORD,CDCBATTLEFORD,M67/BT411,CDCBATTLEFORD,6,
CDCBOLD,CDCBOLD,,CDCBOLD,2,FEED
CDCBOW,CDCBOW,,CDCBOW,,
CDCCLYDE,CDCCLYDE,SM65096/SM94043,"CDCCLYDE, BT490, CLYDE",,
CDCCOALITION,CDCCOALITION,,CDCCOALITION,,FEED
CDCFRASER,CDCFRASER,,"FRASER, CDCFRASER",,
CDCKINDERSLEY,CDCKINDERSLEY,SM00490/BM9647D-64,CDCKINDERSLEY,,MALT
CDCMEREDITH,CDCMEREDITH,,CDCMEREDITH,,MALT
CDCRESERVE,CDCRESERVE,,CDCRESERVE,,MALT
CDCSELECT,CDCSELECT,,CDCSELECT,2,MALT
CELEBRATION,CELEBRATION,6B94-7378/(B2027/M84),CELEBRATION,,
CLARK,CLARK,60AB1810/HECTOR,CLARK,2,FEED
COLTER,COLTER,73AB2199/KARLA,COLTER,,
CONLON,CONLON,(06UT-08*2/BRIGITTAMUTANT)/ND10232,"2ND13299, CONLON, ND13299",2,MALT
CONRAD,CONRAD,TR930/2B88-5336,CONRAD,,
EXCEL,EXCEL,MN77-825/CV-184,"EXCEL, M52, CV-223, PI542047",,
GALENA,GALENA,,GALENA,,
HAYS,HAYS,,HAYS,,
HECTOR,HECTOR,PI129430/PALLISER,HECTOR,2,FEED
HO515-510,HO515-510,,HO515-510,,
HO515-555,HO515-555,,HO515-555,,
ID862626,ID862626,79AB10740/LEWIS,ID862626,2,MALT
ID90241,ID90241,(A517/SK76333)/SK76333,ID90241,2,MALT
ID90321,ID90321,SEL127/81AB11949,ID90321,2,MALT
ID921368,ID921368,(M44/80AB4952)/79AB10719,ID921368,6,MALT
INNOVATION,INNOVATION,,INNOVATION,,
LARKER,LARKER,(CIHO7055/KINDRED)/((NEWAL/PEATLAND)/MONTCALM),LARKER,6,
LOGAN,LOGAN,(ND7085/BOWMANSIB)/ND7556,LOGAN,,
M100,M100,EXCEL/M78,M100,6,
M101,M101,M81/M89-358,M101,,
M102,M102,M84/M81,M102,,
M103,M103,M81/M84,M103,6,
M104,M104,M83/MN92-211,M104,6,
M105,M105,M83/MN92-211,M105,,
M106,M106,M92-334/M81,M106,6,
M107,M107,M92-334/M81,M107,6,
M108,M108,M92-395/M83,M108,6,
M110,M110,M95/MN93-117,M110,6,
M112,M112,M81/MN93-121,"M112, MN96-100",6,
M113,M113,M93-109/M98,M113,,
M115,M115,MN94-33/MN94-111,M115,6,
M116,M116,M104/M81,M116,6,
M117,M117,M94-33/M94-5,M117,6,
M118,M118,M103/M104,M118,,
M119,M119,M104/M81,M119,,
M122,M122,M110/M122-TMP1,"FEG65-02, M122, QUEST",,
M124,M124,M96-186/RASMUSSON,M124,,
M126,M126,RASMUSSON/MN96-48,M126,,
M128,M128,FEG18-27/FEG26-50,"M128, FEG90-31",,
M130,M130,FEG26-50/FEG18-27,M130,,
M132,M132,MN96-203/FEG55-14,"M132, FEG100-44",,
M133,M133,SEP2-02/M112,M133,,
M134,M134,FEG69-38/M114,M134,,
M138,M138,,M138,,
M141,M141,M122/FEG73-13,"M141, 07-MN-52, 07MN-52, FEG175-57",,
M144,M144,FEG109-44/FEG100-41,M144,,
M145,M145,FEG144-17/M122,M145,,
M147,M147,FEG148-56/RASMUSSON,M147,,
M148,M148,M128/M132,M148,,
M149,M149,ND23657/M132,M149,,
M150,M150,M01-65/M122,M150,,
M151,M151,M122/FEG96-55,M151,,
M152,M152,07MN-51/06MN-36,M152,,
M153,M153,07MN-51/06MN-36,M153,,
M154,M154,08MN-15/06MN-12,M154,,
M155,M155,FEG167-25/M141,M155,,
M156,M156,NEG2-48/06MN-12,M156,,
M157,M157,NEG2-59/M141,M157,,
M158,M158,M122/FEG154-47,M158,,
M159,M159,M122/FEG183-52,M159,,
M160,M160,FEG153-58/07MN-13,M160,,
M161,M161,FEG183-52/06MN-36,M161,,
M162,M162,,M162,,
M66,M66,,M66,,
M75,M75,M66/EXCEL,M75,,
M79,M79,M66/STANDER,M79,,
M81,M81,M66/STANDER,M81,,
M82,M82,,M82,,
M83,M83,EXCEL/M73,M83,,
M84,M84,((CHERI/M66)/EXCEL)/STANDER,M84,,
M95,M95,M77/M79,M95,6,
M97,M97,M78/M79,M97,6,
M98,M98,M78/M79,"M98, CV-290, PI613603, NSGC8678, LACEY",6,
M99,M99,M78/M79,M99,6,
MERIT57,MERIT57,,MERIT57,,
MLTB30,MLTB30,,MLTB30,,
MT000047,MT000047,CHINOOK/MT920161,MT000047,2,MALT
MT000125,MT000125,MT910189/LEWIS,MT000125,2,MALT
MT000138,MT000138,MT920041/STARK,MT000138,2,MALT
MT010158,MT010158,MT920041/SK76333,MT010158,2,MALT
MT010160,MT010160,MT920041/SK76333,MT010160,2,MALT
MT020155,MT020155,MT960225/H1851195,MT020155,2,MALT
MT020162,MT020162,,MT020162,,FEED
MT020204,MT020204,MTLB32/H1851195,MT020204,2,MALT
MT020205,MT020205,MTLB32/H1851195,MT020205,2,MALT
MT030042,MT030042,MT910189/MT960099,MT030042,2,MALT
MT040073,MT040073,MT960045/SK76333,MT040073,2,MALT
MT061035,MT061035,,MT061035,,
MT061169,MT061169,,MT061169,,FEED
MT070111,MT070111,,MT070111,,FEED
MT070158,MT070158,,MT070158,,
MT070159,MT070159,,MT070159,,
MT080279,MT080279,,MT080279,,
MT090180,MT090180,,MT090180,2,FEED
MT090182,MT090182,,MT090182,,
MT090190,MT090190,,MT090190,2,FEED
MT100120,MT100120,MT910189/(LK6-44/ESLICKBC3F3),MT100120,2,FEED
MT100126,MT100126,MT910189/(LK6-44/ESLICKBC3F3),MT100126,2,FEED
MT124027,MT124027,MT010158/MT070175,MT124027,2,
MT124069,MT124069,,MT124069,,
MT124112,MT124112,,MT124112,,
MT124128,MT124128,,MT124128,,
MT124134,MT124134,,MT124134,,
MT124555,MT124555,,MT124555,,
MT124677,MT124677,,MT124677,,
MT124728,MT124728,MT010158/MT070175,MT124728,2,
MT886610,MT886610,MT81143/LEWIS,MT886610,2,MALT
MT910150,MT910150,MT81143/MT83444,MT910150,2,MALT
MT910189,MT910189,ND7293/BEARPAW,"HOCKET, HOCKETTF5, MT910189, HOCKETT",2,
MT920073,MT920073,MT81161/MT83518,MT920073,2,
MT960099,MT960099,MANLEY/WPB-BZ-594-35,MT960099,2,MALT
MT960228,MT960228,STARK/WPB-BZ-594-35,MT960228,2,FEED
MT970116,MT970116,60AB1810/WPB-BZ-594-35,MT970116,2,MALT
MT970229,MT970229,STARK/WPB-BZ-594-35,MT970229,2,MALT
MT981091,MT981091,MT851195/MT140523,MT981091,2,MALT
MT981238,MT981238,ND112311/LEWIS,MT981238,2,MALT
MTLB-05,MTLB-05,LEWIS/WPB-BZ-594-35,MTLB-05,2,
MTLB5,MTLB5,,MTLB5,,
ND12201,ND12201,,ND12201,,
ND13300,ND13300,,ND13300,,
ND14119,ND14119,ND11055/ND11116,ND14119,,
ND14161,ND14161,ND11055/(ND10997/STANDER),ND14161,,
ND14321,ND14321,,ND14321,,
ND14490,ND14490,,ND14490,,
ND14599,ND14599,ND10277*2/SHYRI,ND14599,,
ND14701,ND14701,ND12671/ND11894,ND14701,,
ND14715,ND14715,,ND14715,,
ND15098,ND15098,,ND15098,,
ND15147,ND15147,LOGANSIB/TR231,ND15147,,
ND15406,ND15406,,ND15406,,
ND15422,ND15422,ND9712/(ND11646/STANDER),ND15422,6,MALT
ND15477,ND15477,ND9712/(STANDER/ND12200),"ND15477, DRUMMOND",6,
ND15483,ND15483,ND9712/(STANDER/ND12231),ND15483,,
ND15606,ND15606,ND9712/(ND12738/STANDER),ND15606,6,
ND15614,ND15614,ND9712/ND13060,ND15614,6,
ND16169,ND16169,ND10981/ND12868,ND16169,,
ND16301,ND16301,ND11055/(ND12200/6B88-3213),"STELLAR-ND, ND16301, STELLARND, STELLAR",6,MALT
ND16303,ND16303,ND11055/(ND12200/BT438),ND16303,,
ND16318,ND16318,ND13063/(ND12200/6B88-3213),ND16318,6,
ND16903,ND16903,ND14156/ND14296,ND16903,6,
ND16922,ND16922,ND14161/ND14296,ND16922,6,
ND17079,ND17079,ND12738/(ND14119/F103-79),ND17079,6,
ND17082,ND17082,ND12738/(ND14119/F103-79),ND17082,6,
ND17190,ND17190,ND14490/ND15608,ND17190,,
ND17643,ND17643,ND15245/ND15377,ND17643,6,
ND17655,ND17655,ND15245/ND15377,ND17655,6,
ND17687,ND17687,ND15246/ND15377,ND17687,,
ND17711,ND17711,ND15246/ND15377,ND17711,6,
ND18578,ND18578,ND15483/ND15614,ND18578,6,
ND18579,ND18579,ND15483/ND15614,ND18579,6,
ND18650,ND18650,ND15483/ND15925,ND18650,6,
ND19552,ND19552,ND15483/ND16301,ND19552,,
ND19620,ND19620,ND15483/ND16258,ND19620,,
ND19655,ND19655,ND15483/ND17224,ND19655,,
ND19728,ND19728,ND15483/(AZURE/ND5377),ND19728,,
ND19742,ND19742,ND15483/(ND9712/ND5377),ND19742,,
ND20299,ND20299,ND16924/ND17082,ND20299,6,MALT
ND20303,ND20303,ND16924/ND17082,ND20303,,
ND20314,ND20314,ND16924/ND15422,ND20314,,
ND20448,ND20448,ND20448-TMP2/ND20448-TMP1,"ND20448, 08N6-01",6,MALT
ND20508,ND20508,ND20508-TMP1/CIHO4196,ND20508,,
ND20666,ND20666,ND17008/ND17239,ND20666,,MALT
ND21306,ND21306,ND15477*2/FEG4-66L,ND21306,6,MALT
ND21532,ND21532,ND17008/ND16301,ND21532,,
ND22421,ND22421,ND18546/ND19656,ND22421,,MALT
ND23311,ND23311,ND19656/ND19718,ND23311,,
ND23422,ND23422,ND18546/ND20380,ND23422,,
ND23497,ND23497,ND15477/ND20414,"ND23497, 06N6-17",,
ND23753,ND23753,ND18546/ND20407,ND23753,,
ND23898,ND23898,ND15477/ND17643,ND23898,,MALT
ND24906,ND24906,ND20508/ND20492,ND24906,,
ND25160,ND25160,ND19557/ND19491,ND25160,,
ND25161,ND25161,ND19557/ND19491,ND25161,,
ND25652,ND25652,ND16301/ND20477,"07-N6-12, ND25652, 07N6-12",,
ND26036,ND26036,ND20448/ND20603,ND26036,,
ND26249,ND26249,ND19655/M122,ND26249,,
ND26891,ND26891,ND21376/ND20299,ND26891,,
ND27177,ND27177,ND16301/ND23530,ND27177,,
ND27245,ND27245,M122/ND23497,ND27245,,
ND28554,ND28554,ND23497/ND22421,ND28554,,
ND28555,ND28555,ND23497/ND22421,ND28555,,
ND28993,ND28993,ND22466/ND22783,ND28993,,
ND29196,ND29196,ND20299/ND21786,ND29196,,
ND29380,ND29380,08N6-06/ND21843,ND29380,,
ND31091,ND31091,,ND31091,,
ND32889,ND32889,ND28479/ND25652,ND32889,,
ND32898,ND32898,ND28479/ND25652,ND32898,,
ND32920,ND32920,,ND32920,,
ND33325,ND33325,,ND33325,,
ND33413,ND33413,,ND33413,,
ND34118,ND34118,ND28539/ND26804,ND34118,,
ND34306,ND34306,,ND34306,,
ND34316,ND34316,,ND34316,,
ND34318,ND34318,,ND34318,,
ND35204,ND35204,6B07-1819/ND28993,ND35204,,
ND35207,ND35207,6B07-1819/ND28993,ND35207,,
ND35210,ND35210,6B07-1819/ND28993,ND35210,,
NEWDALE,NEWDALE,CDCSTRATUS/(TR236/WM862-6),NEWDALE,2,
OR1967007,OR1967007,STEPTOE/BSR41,OR1967007,6,
OR2937045,OR2937045,(LBIRAN/UNA8271)/GLORIA,OR2937045,2,MALT
OR296-7102,OR296-7102,,OR296-7102,,
OR296102,OR296102,,OR296102,,
OR2967007,OR2967007,,OR2967007,,
PB1-04-2R-4038,PB1-04-2R-4038,PB197-2R-7090/VD4035-82,PB1-04-2R-4038,2,FEED
PB1-04-2R-4057,PB1-04-2R-4057,PB196-2R-6123/XENA,PB1-04-2R-4057,2,FEED
PB1-04-2R-4257,PB1-04-2R-4257,PB196-2R-6123/PB197-2R-7090,PB1-04-2R-4257,2,FEED
PB1-04-2R-4262,PB1-04-2R-4262,PB197-2R-7090/PB196-2R-6123,PB1-04-2R-4262,2,FEED
PB1-95-2R-517,PB1-95-2R-517,PB1-88-2R-801/VD4035-82,PB1-95-2R-517,2,FEED
PB1-95-2R-522,PB1-95-2R-522,PB1-88-2R-801/VD4035-82,PB1-95-2R-522,2,FEED
PB1-95-2R-A629,PB1-95-2R-A629,PB1-88-2R-801/VD4035-82,PB1-95-2R-A629,2,FEED
PB1-97-2R-7010,PB1-97-2R-7010,PB1-88-2R-801/ND9147,PB1-97-2R-7010,2,MALT
PB104-2R-4263,PB104-2R-4263,PB196-2R-6123/PB197-2R-7090,PB104-2R-4263,2,FEED
PBI95-2R-517,PBI95-2R-517,,PBI95-2R-517,,
PBI95-2RA629,PBI95-2RA629,,PBI95-2RA629,,
RUSSELL,RUSSELL,,RUSSELL,,
S2M177,S2M177,,S2M177,,
S2M178,S2M178,2ND25276/ND24510,S2M178,,
S2M179,S2M179,(((ND11853/(CMB85-533/ND13300))/7*06UT-08)/2ND25276)/ND23164,S2M179,,
S2M180,S2M180,,S2M180,,
S2M182,S2M182,,S2M182,,
S2M183,S2M183,,S2M183,,
S6M163,S6M163,,S6M163,,
S6M164,S6M164,,S6M164,,
S6M165,S6M165,,S6M165,,
S6M166,S6M166,,S6M166,,
S6M167,S6M167,,S6M167,,
S6M168,S6M168,MS11S3058-014/MS11S2080-019,S6M168,,
S6M169,S6M169,,S6M169,,
S6M170,S6M170,,S6M170,,
S6M171,S6M171,,S6M171,,
S6M172,S6M172,,S6M172,,
S6M174,S6M174,,S6M174,,
S6M175,S6M175,GEN2-129/M98,S6M175,,
S6M176,S6M176,(KLBC2F2-1/M98)/M98,S6M176,,
SAMISH23,SAMISH23,85AB2323/ACCLAIM,SAMISH23,2,MALT
SK-CDCBOLD,SK-CDCBOLD,,SK-CDCBOLD,,
SK-TR150,SK-TR150,WM861-5/TR118,"SK-TR150, SKTR150, SKTR-150, TR150, CDCCOPELAND",,
SK-TR346,SK-TR346,,"SK-TR346, CDCHELGASON, TR346",,
SKTB150,SKTB150,,SKTB150,,
SKTR128,SKTR128,,"SKTR128, TR128",2,
SKTR133,SKTR133,,"SKTR133, TR133",2,
SKTR139,SKTR139,,"TR139, SKTR139",2,
SM90514,SM90514,,SM90514,,
SM91252,SM91252,,SM91252,,
SM94040,SM94040,,SM94040,,
SM94170,SM94170,BT411/M67,"SM94170, BT459",,
SR14465,SR14465,,SR14465,,
SR403,SR403,SM97292/SM97216,SR403,,
SR404,SR404,SM97292/SM97216,SR404,,
SR412,SR412,SM94170/BT941,"SR412, SM03219",,
SR417,SR417,SM99250/SM99142,"SR417, SM04166",,
SR429,SR429,,SR429,,
SR432,SR432,SM01778/BT485,SR432,,
SR433,SR433,SM02160/SM02747,SR433,,
SR434,SR434,SM01777/BT392,SR434,,
SR440,SR440,SM03760/SM03191,SR440,,
SR444,SR444,SM03271/SM03148,SR444,,
SR446,SR446,6B04-0075/CDCCLYDE,SR446,,
SR447,SR447,07BA-16/CDCCLYDE,SR447,,
SR448,SR448,07BA-16/CDCCLYDE,SR448,,
SR451,SR451,CDCLAURENCE/M119,SR451,,
SR452,SR452,SM04048/6B01-2218,SR452,,
SR458,SR458,M00-62/SM05172,SR458,,
SR459,SR459,SM05158/SM05002,SR459,,
SR460,SR460,SM05048/SM05158,SR460,,
STANDER,STANDER,EXCEL/MN80-224,"CV-236, STANDER, PI564743, M64",6,MALT
STEPTOE,STEPTOE,SEL3564/UNITAN,"STEPTOE, CI15229",2,FEED
STRANDER,STRANDER,,STRANDER,,
TR166,TR166,BM8802-78/SM92252,"TR166, SM97179",2,MALT
TR167,TR167,,TR167,2,MALT
UT003757,UT003757,UT85B482-1999/UT84B427-250,UT003757,6,FEED
UT004467,UT004467,UT87B603-1266/SHORT_2,UT004467,6,FEED
UT00B1712-627,UT00B1712-627,,UT00B1712-627,6,FEED
UT00B1718-773,UT00B1718-773,,UT00B1718-773,6,FEED
UT04B2041-42,UT04B2041-42,06UT-02/COLUMBIA,UT04B2041-42,6,FEED
UT10901-66,UT10901-66,,UT10901-66,6,
UT2136-96,UT2136-96,,UT2136-96,6,FEED
UT2170-16,UT2170-16,,UT2170-16,6,FEED
UT2183-85,UT2183-85,,UT2183-85,6,FEED
UT4087,UT4087,UT84B427-250/OR3,UT4087,6,FEED
UT4938,UT4938,CENTURY/MEDALLION,UT4938,6,FEED
UT4988,UT4988,CENTURY/MEDALLION,UT4988,6,FEED
UT4990,UT4990,CENTURY/MEDALLION,UT4990,6,FEED
UT5724,UT5724,UT87B604-1705/SHORT_2,UT5724,2,
UT5828,UT5828,UT87B604-1705/OR2,UT5828,6,FEED
UT6R2120-14,UT6R2120-14,,UT6R2120-14,6,FEED
UT97B1480-1534,UT97B1480-1534,UT89B747-1263/UT90B774-2467,UT97B1480-1534,6,FEED
UT97B1480-1632,UT97B1480-1632,UT89B747-1263/UT90B774-2467,UT97B1480-1632,6,FEED
UT99B1669-3243,UT99B1669-3243,UT91B706-A-259/BU585-82,UT99B1669-3243,6,FEED
UT99B1670-3458,UT99B1670-3458,UT91B706-A-259/DA587-170,UT99B1670-3458,6,FEED
UT99B1670-3530,UT99B1670-3530,UT91B706-A-259/DA587-170,UT99B1670-3530,,FEED
UTSB10902-91,UTSB10902-91,,UTSB10902-91,,
UTSB10905-72,UTSB10905-72,,UTSB10905-72,,
UTSB11301-1,UTSB11301-1,,UTSB11301-1,,
VALIER,VALIER,LEWIS/WPB-BZ-594-35,VALIER,2,
WA10138-96,WA10138-96,WA7758-89/WPB-BZ-594-35,WA10138-96,2,MALT
WA10147-96,WA10147-96,WA7758-89/WPB-BZ-594-35,WA10147-96,2,FEED
WA10429-00,WA10429-00,WA9156-94/WPB-BZ-594-35,WA10429-00,2,FEED
WA10494-93,WA10494-93,,WA10494-93,,
WA10497-97,WA10497-97,WA9035-84/WPB-BZ-594-35,WA10497-97,2,MALT
WA10701-99,WA10701-99,(CLIVIA/9448-83)/LOGAN,WA10701-99,2,MALT
WA11801-95,WA11801-95,WA9035-84/WPB-BZ-594-35,WA11801-95,2,
WA11825-95,WA11825-95,WA9035-84/WPB-BZ-594-35,WA11825-95,2,
WA11832-95,WA11832-95,WA9035-84/WPB-BZ-594-35,WA11832-95,2,
WA15279-00,WA15279-00,WA9361-94/WPB-BZ-594-35,WA15279-00,2,FEED
WA7194-98,WA7194-98,WA11556-91/CHINOOK,WA7194-98,2,MALT
WA7330-00,WA7330-00,WA7642-92/WPB-BZ-594-35,WA7330-00,2,FEED
WA7642-92,WA7642-92,7190-86/WPB-BZ-594-35,WA7642-92,2,MALT
WA7758-89,WA7758-89,CLIVIA/9448-83,"WA775889, WA7758-89",2,MALT
WA8569-99,WA8569-99,(7190-86/WPB-BZ-594-35)/C2-91-45-16-3,WA8569-99,2,MALT
WA8601-97,WA8601-97,WA7758-89/WPB-BZ-594-35,WA8601-97,2,MALT
WA8611-90,WA8611-90,SM8618/WA16277-85,WA8611-90,2,MALT
WA8625-90,WA8625-90,SM8618/WA16277-85,"WA8625-90, WA862590",2,MALT
WA86861190,WA86861190,,WA86861190,,
WA8709-96,WA8709-96,WA7679-91/WPB-BZ-594-35,WA8709-96,2,FEED
WA8772-93,WA8772-93,(ZEPHYR/8892-78)/WPB-BZ-594-35,WA8772-93,2,MALT
WA8792-96,WA8792-96,,WA8792-96,2,MALT
WA9339-91,WA9339-91,10489-86/7709-84,"WA933991, WA9339-91",6,MALT
WA9508-94,WA9508-94,7190-86/MARESI,WA9508-94,2,
WA9701-99,WA9701-99,(9029-84/EBC-187)/WPB-BZ-594-35,WA9701-99,2,MALT
WA9792-90,WA9792-90,WA11136-83/COUGBAR,"WA979290, WA9792-90",2,MALT
WAS2,WAS2,BASTAMA/09WA-65,WAS2,,
WPB-BZ594-19,WPB-BZ594-19,STARK/WPB-BZ-594-35,"WPB-BZ594-19, WPBBZ594-19",2,MALT
WPB82594-19,WPB82594-19,,WPB82594-19,,
X05013-T1,X05013-T1,(MERLIN/WPB-BZ-594-35*2)/SH97110,X05013-T1,2,FOOD
X06G07-T43,X06G07-T43,((MERLIN/WPB-BZ-594-35*2)/WA9820-98)/03WA-1394,X06G07-T43,2,FOOD
X3250-10,X3250-10,,X3250-10,,
X3250-6,X3250-6,,X3250-6,,
YU501-163,YU501-163,CAMAS/(WPB-BZ-594-35/GLOBULARMUTANT),YU501-163,2,FEED
YU501-312,YU501-312,HERAN/CAMAS,YU501-312,2,FEED
YU501-385,YU501-385,WPB-BZ-594-35/CAMAS,"YU-501-385N, YU501-385",2,FEED
YU597-432,YU597-432,WPB-BZ-594-35/ICARO,YU597-432,2,FEED
YU598-043,YU598-043,WPB-BZ-594-35/GUS,YU598-043,2,MALT
YU599-006,YU599-006,,YU599-006,6,FEED
02WA-701813,02WA-7018.13,WA10138-96/XENA,02WA-7018.13,2,FEED
02WA-70289,02WA-7028.9,CAMAS/WPB-BZ-594-35,02WA-7028.9,2,FEED
02WA-70529,02WA-7052.9,WA8709-96/CDCDOLLY,02WA-7052.9,2,FEED
04WA-10145,04WA-101.45,WA8608-97/WPB-BZ-594-35,04WA-101.45,2,FEED
04WA-11322,04WA-113.22,CAMAS/WPB-BZ-594-35,04WA-113.22,,FEED
04WA-12220,04WA-122.20,85AB2323/WPB-BZ-594-35,04WA-122.20,2,FEED
05WA-31699,05WA-316.99,WPB-BZ-594-35/PB1-95-2R-522,05WA-316.99,,FEED
05WA-316K,05WA-316.K,WPB-BZ-594-35/PB1-95-2R-522,05WA-316.K,,FEED
05WA-32949,05WA-329.49,(BOB/WPB-BZ-594-35)/85AB2323,05WA-329.49,,FEED
06WA-4124,06WA-412.4,((BOB/WPB-BZ-594-35)/XENA)/WA10497-97,06WA-412.4,,FEED
07WA-6144,07WA-614.4,,07WA-614.4,,
07WA-6821,07WA-682.1,,07WA-682.1,,
09WA-20324,09WA-203.24,YU501-385/02WNZ-1100,09WA-203.24,2,FEED
09WA-20326,09WA-203.26,YU501-385/02WNZ-1100,09WA-203.26,2,FEED
09WA-22813,09WA-228.13,02WNZ-1100/YU501-385,09WA-228.13,2,FEED
09WA-2315,09WA-231.5,02WNZ-1015/YU501-385,09WA-231.5,2,FEED
09WA-23216,09WA-232.16,,09WA-232.16,2,
09WA-23511,09WA-235.11,,09WA-235.11,2,
09WA-2499,09WA-249.9,(NZDK00-131/98AB11993)/(WPB-BZ-594-35/WA7478-97),09WA-249.9,2,FEED
10WA-10533,10WA-105.33,02WA-70529/YU501-385,10WA-105.33,2,FEED
10WA-10618,10WA-106.18,YU501-385/02WNZ-1095,10WA-106.18,2,FEED
10WA-10619,10WA-106.19,YU501-385/02WNZ-1095,10WA-106.19,2,FEED
10WA-11316,10WA-113.16,(WA9820-98/CDCCANDLE)/02WNZ-1100,10WA-113.16,2,FEED
10WA-11717,10WA-117.17,,10WA-117.17,,
10WA-11724,10WA-117.24,,10WA-117.24,,
11WA-10511,11WA-105.11,,11WA-105.11,2,
11WA-10720,11WA-107.20,,11WA-107.20,2,
11WA-10743,11WA-107.43,,11WA-107.43,,
11WA-10758,11WA-107.58,,11WA-107.58,,
12WA-12014,12WA-120.14,,12WA-120.14,,
13WAM-1012,13WAM-101.2,,13WAM-101.2,,
13WAM-13526,13WAM-135.26,,13WAM-135.26,,
13WAM-1492,13WAM-149.2,,13WAM-149.2,,
06BA-48,2B02-2925,B4947/2B97-4527,"06BA-48, 2B02-2925",2,MALT
06BA-51,2B03-3604,B4947/2B97-4832,"06BA-51, 2B03-3604",,MALT
ABIBALSTER,2B05-0811,2B99-2763/2B00-0719,"ABIBALSTER, 2B05-0811",,MALT
ABIGROWLER,2B09-3425,2B05-0550/2B99-2763-10,"ABIGROWLER, 2B09-3425",2,MALT
B4947,2B91-4947,MANLEY/2B80-350,"B4947, MERIT, 06BA-33, 2B91-4947, BA2B91-4947",2,MALT
2B99-2316,2B99-2316-4,B4947/(B4947/2B95-8129),"2B99-2316-4, 2B99-2316",2,MALT
2ND15341,2ND153411,,"2ND153411, 2ND15341",,
ND18370,2ND19119,(2ND15403/ND15368)/ND16453,"ND18370, ND19119, 2ND19119, ND19119-1",2,
06N2-05,2ND21867,ND18172/ND19130,"06N2-05, 2ND21867, ND21867",2,MALT
PI643364,2ND22895,ND18370/RAWSONSIB,"06N2-08, ND22895, PI643364, 2ND22895, BCC2556",,
06N2-12,2ND22996,ND19922/ND18172,"06N2-12, PI643368, ND22996, 2ND22996, BCC2557",,
07N2-23,2ND26328,ND22032-2/ND21972,"2ND26328, 07-N2-23, 07N2-23",,MALT
09N2-96,2ND27705,2ND24393/TR05285,"09N2-96, 2ND27705",2,MALT
B7098,6B92-7098,EXCEL/HAZEN,"B7098, 6B92-7098",,
BT954,6B95-2482,6B89-2126/ND10981,"BT954, 06BA-02, BA6B95-2482, 6B95-2482, TRADITION, B2482",6,MALT
PI639908,90AB241,(A517/SK76333)/SK76333,"90AB241, NSGC9536, SUBLETTE, CV-323, PI639908",2,
09WA-66,98-NZ-223,WPB-BZ-594-35/HARRINGTON_ANT29-667,"09WA-66, RADIANT, PI633971, 98NZ223, CV-311, 98-NZ-223, 98-NZ223",,
09WA-66,98-NZ223,WPB-BZ-594-35/HARRINGTON_ANT29-667,"09WA-66, RADIANT, PI633971, 98NZ223, CV-311, 98-NZ-223, 98-NZ223",2,FEED
98-NZ015,98NZ015,CAMINANT/WPB-BZ-594-35,"98NZ015, 98-NZ015",,
09WA-66,98NZ223,WPB-BZ-594-35/HARRINGTON_ANT29-667,"09WA-66, RADIANT, PI633971, 98NZ223, CV-311, 98-NZ-223, 98-NZ223",,
WM8612-1,ACMETCALFE,MANLEY/TR226,"METCALFE, WM8612-1, AC-METCALFE, AC_METCALFE, TR232, ACMETCALFE",2,MALT
BA4038,B1202,60AB1810/(RPB70-268/2B75-1223),"PI502963, B1202, 2B81-4038, BA4038",,
6B94-8253,BA-6B94-8253,B1614/STANDER,"BA-6B94-8253, 6B94-8253, BA6B94-8253",,
2B89-4311,BA2B89-4311,,"2B89-4311, BA2B89-4311",,
B4947,BA2B91-4947,MANLEY/2B80-350,"B4947, MERIT, 06BA-33, 2B91-4947, BA2B91-4947",,
2B92-5550,BA2B92-5550,MANLEY/BA4038,"BA2B92-5550, 2B92-5550",,
BA-2B95-4047,BA2B95-4047,BA4038/(TR930/TR226),"BA-2B95-4047, BA2B95-4047",2,
BA-2B95-4553,BA2B95-4553,(2B86-5113/2B88-5133)/TR930,"BA2B95-4553, BA-2B95-4553",2,
2B96-5038,BA2B96-5038,2B89-4616/TR226,"BA2B96-5038, 2B96-5038",2,
6B93-2978,BA6B93-2978,(((BUMPER/63AB2987)/(BUMPER/MANKER))/(BUMPER/63AB2987))/EXCEL,"6B93-2978, BT950, B2978, BA6B93-2978, 06BA-01, LEGACY",6,MALT
6B94-7378,BA6B94-7378,(AZURE/6B82-2618)/EXCEL,"BA6B94-7378, 6B94-7378",6,
6B94-8253,BA6B94-8253,B1614/STANDER,"BA-6B94-8253, 6B94-8253, BA6B94-8253",6,
BT954,BA6B95-2482,6B89-2126/ND10981,"BT954, 06BA-02, BA6B95-2482, 6B95-2482, TRADITION, B2482",6,
BA6B-95-8253,BA6B95-8253,,"BA6B95-8253, BA6B-95-8253",,
WPB-BZ-594-35,BARONESSE,(((MENTOR/MINERVA)/VADAMUTANT)/(((CARLSBERG/UNION)/(OPAVSKY/SALLE))/RICARDO))/(ORIOL/6153P40),"PI568246, WPB-BZ-594-35, BARONESSE",2,FEED
SM94170,BT459,BT411/M67,"SM94170, BT459",6,
CDCCLYDE,BT490,SM65096/SM94043,"CDCCLYDE, BT490, CLYDE",6,
BZ505-192,BZ505192,TR361/XENA,"BZ505192, BZ505-192",,FEED
SK-TR150,CDCCOPELAND,WM861-5/TR118,"SK-TR150, SKTR150, SKTR-150, TR150, CDCCOPELAND",2,MALT
SK-TR346,CDCHELGASON,,"SK-TR346, CDCHELGASON, TR346",2,FEED
CDCCLYDE,CLYDE,SM65096/SM94043,"CDCCLYDE, BT490, CLYDE",,
ND15477,DRUMMOND,ND9712/(STANDER/ND12200),"ND15477, DRUMMOND",6,MALT
ND11055,FOSTER,CV-184/(ND5570/(GLENN/63AB2987)),"ND11055, FOSTER",6,MALT
CDCFRASER,FRASER,,"FRASER, CDCFRASER",,
2ND25276,GENESIS,ND20802/(ND19922/(2ND19929/ND20177)),"2ND25276, GENESIS, NDGENESIS, ND-GENESIS",,
SK76333,HARRINGTON,60AB1810/((GAZELLE/PI129430)/CENTENIAL),"SK76333, HARRINGTON, ANT29-667, MUT.PANT-667INHARRINGTON",2,MALT
MT910189,HOCKETT,ND7293/BEARPAW,"HOCKET, HOCKETTF5, MT910189, HOCKETT",,
93AB859,ID-93AB859,84AB2974/SK76333,"ID-93AB859, 93AB859, ID93-AB859",,
93AB859,ID93-AB859,84AB2974/SK76333,"ID-93AB859, 93AB859, ID93-AB859",,
60AB1810,KLAGES,PI129430/DOMEN,"CI15478, KLAGES, CV-138, 60AB1810, CIHO15478",2,MALT
M98,LACEY,M78/M79,"M98, CV-290, PI613603, NSGC8678, LACEY",6,
6B93-2978,LEGACY,(((BUMPER/63AB2987)/(BUMPER/MANKER))/(BUMPER/63AB2987))/EXCEL,"6B93-2978, BT950, B2978, BA6B93-2978, 06BA-01, LEGACY",6,MALT
RASMUSSON,M109,M98/M95,"RASMUSSON, USRAMP24, M109",6,
MN96-48,M111,MN92-392/MN93-9,"MN96-48, M111",,
MN99-101,M120,BT462/M98,"MN99-101, M120",,
MN00-61,M121,M110/MN96-48,"MN00-61, M121",,
FEG73-13,M123,FEG39-03/M98,"FEG73-13, M123",,
M00-62,M125,M110/MN96-48,"M125, M00-62, MN00-62",,
FEG96-55,M129,FEG59-09/M110,"FEG96-55, M129",,
06MN-36,M135,FEG97-44/M118,"06MN-36, FEG141-20, M135",,
06MN-12,M137,ND20493/RASMUSSON,"06MN-12, M137, FEG150-42",,
FEG153-58,M139,MN00-33/M122,"FEG153-58, M139, 07MN-04, 07-MN-04",,
FEG154-47,M140,MN00-33/FEG66-08,"M140, 07-MN-06, FEG154-47, 07MN-06",,
08MN-15,M143,FEG96-55/FEG100-41,"08MN-15, M143, FEG181-09",,
B4947,MERIT,MANLEY/2B80-350,"B4947, MERIT, 06BA-33, 2B91-4947, BA2B91-4947",,
WM8612-1,METCALFE,MANLEY/TR226,"METCALFE, WM8612-1, AC-METCALFE, AC_METCALFE, TR232, ACMETCALFE",,
CV-275,MNBRITE,M69/MN90-89,"MNBRITE, PI603050, CV-275, MNS85, NSGC6526",6,
CV-275,MNS85,M69/MN90-89,"MNBRITE, PI603050, CV-275, MNS85, NSGC6526",,
CIHO15773,MOREX,BONANZA/CREE,"CIHO15773, CI15773, M25, CV-158, MOREX",6,MALT
H1851195,MTH1851195,MT41918/TR450,"MTH1851195, H1851195",2,MALT
CONLON,ND13299,(06UT-08*2/BRIGITTAMUTANT)/ND10232,"2ND13299, CONLON, ND13299",2,MALT
2ND15403,ND15403,LOGANSIB/ND13297,"ND15403-3, 2ND15403, ND15403",,
2ND16092,ND16092,ND13297/ND14701,"ND16092, 2ND16092",,
ND18370,ND19119,(2ND15403/ND15368)/ND16453,"ND18370, ND19119, 2ND19119, ND19119-1",2,FEED
2ND19854,ND19854,2ND15403/ND16462,"ND19854, 2ND19854",2,FEED
2ND21863,ND21863,ND18172/ND19130,"2ND21863, ND21863, PINNACLE",2,MALT
06N2-05,ND21867,ND18172/ND19130,"06N2-05, 2ND21867, ND21867",,MALT
PI643364,ND22895,ND18370/RAWSONSIB,"06N2-08, ND22895, PI643364, 2ND22895, BCC2556",,MALT
2ND22927,ND22927,ND18370/ND19931,"ND22927, 2ND22927",2,MALT
06N2-12,ND22996,ND19922/ND18172,"06N2-12, PI643368, ND22996, 2ND22996, BCC2557",2,MALT
2ND25276,NDGENESIS,ND20802/(ND19922/(2ND19929/ND20177)),"2ND25276, GENESIS, NDGENESIS, ND-GENESIS",,
ICARO,ORCA,((LBIRAN/UNA8271)/(GLORIA/COMANCHE))/(((ND586/CIHO2376)/ND4880)/4*06UT-08),"PI607936, ORCA, ICARO, BSR45, 06OR-61, CV-278",2,
PB197-2R-7090,PB1-97-2R-7090,,"PBI-97-2R-7090, PB197-2R-7090, PB1-97-2R-7090, 97-2R-7090",2,FEED
2ND21863,PINNACLE,ND18172/ND19130,"2ND21863, ND21863, PINNACLE",,
09WA-66,RADIANT,WPB-BZ-594-35/HARRINGTON_ANT29-667,"09WA-66, RADIANT, PI633971, 98NZ223, CV-311, 98-NZ-223, 98-NZ223",2,MALT
CV-184,ROBUST,MANKER/CIHO15773,"CV-184, ROBUST, M36, PI476976",6,
CDCDOLLY,SKCDCDOLLY,(BCC2074/REVERE)/IBON10-33,"DOLLY, CDCDOLLY, SKCDCDOLLY",2,FEED
SK-TR150,SKTR-150,WM861-5/TR118,"SK-TR150, SKTR150, SKTR-150, TR150, CDCCOPELAND",,
SK-TR150,SKTR150,WM861-5/TR118,"SK-TR150, SKTR150, SKTR-150, TR150, CDCCOPELAND",2,
SM03152,SR410,BT471/SM98231,"SM03152, SR410",,
SM04175,SR420,SM99748/SM99153,"SM04175, SR420",,
SM05109,SR424,SM01262/SM01147,"SM05109, SR424",,
SM05198,SR425,SM00207/SM00150,"SM05198, SR425",,
ND16301,STELLAR,ND11055/(ND12200/6B88-3213),"STELLAR-ND, ND16301, STELLARND, STELLAR",6,MALT
ND16301,STELLAR-ND,ND11055/(ND12200/6B88-3213),"STELLAR-ND, ND16301, STELLARND, STELLAR",,
ND16301,STELLARND,ND11055/(ND12200/6B88-3213),"STELLAR-ND, ND16301, STELLARND, STELLAR",,
SKTR128,TR128,,"SKTR128, TR128",2,MALT
SKTR133,TR133,,"SKTR133, TR133",2,MALT
SKTR139,TR139,,"TR139, SKTR139",2,MALT
SM98014,TR169,TR247/SM93085,"SM98014, TR169",2,MALT
BT954,TRADITION,6B89-2126/ND10981,"BT954, 06BA-02, BA6B95-2482, 6B95-2482, TRADITION, B2482",6,
06UT-02,UT95B1216-4087,UT84B427-250/OR3,"06UT-02, CV-320, UT95B1216-4087, GOLDENEYE, PI639193",6,FEED
EBC-187,WA7114-93,9029-84/EBC-187,"EBC-187, WA7114-93",,
WA7758-89,WA775889,CLIVIA/9448-83,"WA775889, WA7758-89",,
WA8625-90,WA862590,SM8618/WA16277-85,"WA8625-90, WA862590",,
BOB,WA8682-96,A308/WPB-BZ-594-35,"BOB, WA8682-96",2,MALT
WA9339-91,WA933991,10489-86/7709-84,"WA933991, WA9339-91",,
CV-302,WA9504-94,WA7190-86/MARESI,"PI617034, CV-302, WA9504-94, FARMINGTON",2,
WA9792-90,WA979290,WA11136-83/COUGBAR,"WA979290, WA9792-90",,
WPB-BZ594-19,WPBBZ594-19,STARK/WPB-BZ-594-35,"WPB-BZ594-19, WPBBZ594-19",,
02AB17060,02AB17060,91AB3148/90AB321,02AB17060,2,MALT
UT03B1960-483,UT03B1960-483,((OR741209/(ID633019/WOODVALE))/(SHORT2/(ID633019/WOODVALE)))/BRIGHAM,UT03B1960-483,6,MALT
